onset	duration	sample	value
5.2597656250	n/a	673.25	10
5.4394531250	n/a	696.25	10
6.4824218750	n/a	829.75	10
7.4863281250	n/a	958.25	10
8.1289062500	n/a	1040.5	10
9.4648437500	n/a	1211.5	10
10.4882812500	n/a	1342.5	10
11.4863281250	n/a	1470.25	11
12.5058593750	n/a	1600.75	10
13.4843750000	n/a	1726	10
14.4707031250	n/a	1852.25	10
15.4511718750	n/a	1977.75	10
16.4570312500	n/a	2106.5	10
17.5058593750	n/a	2240.75	10
18.4746093750	n/a	2364.75	10
19.3164062500	n/a	2472.5	10
20.5078125000	n/a	2625	10
21.5214843750	n/a	2754.75	10
22.1953125000	n/a	2841	10
23.4667968750	n/a	3003.75	10
24.4941406250	n/a	3135.25	10
25.5156250000	n/a	3266	10
26.5097656250	n/a	3393.25	10
27.4414062500	n/a	3512.5	10
28.5332031250	n/a	3652.25	11
29.5097656250	n/a	3777.25	10
30.5273437500	n/a	3907.5	10
31.4628906250	n/a	4027.25	10
32.4257812500	n/a	4150.5	10
33.4355468750	n/a	4279.75	10
34.4531250000	n/a	4410	10
35.4980468750	n/a	4543.75	10
36.0800781250	n/a	4618.25	10
36.4726562500	n/a	4668.5	10
37.5097656250	n/a	4801.25	11
38.5039062500	n/a	4928.5	10
39.4785156250	n/a	5053.25	10
41.4902343750	n/a	5310.75	10
42.5468750000	n/a	5446	10
43.4316406250	n/a	5559.25	10
44.5390625000	n/a	5701	10
45.4492187500	n/a	5817.5	10
46.4687500000	n/a	5948	10
47.5097656250	n/a	6081.25	10
48.5136718750	n/a	6209.75	10
49.4980468750	n/a	6335.75	10
50.4843750000	n/a	6462	11
51.5566406250	n/a	6599.25	10
52.5175781250	n/a	6722.25	10
53.4921875000	n/a	6847	10
54.5566406250	n/a	6983.25	10
55.4941406250	n/a	7103.25	10
56.5292968750	n/a	7235.75	10
57.5019531250	n/a	7360.25	10
58.4609375000	n/a	7483	10
59.4746093750	n/a	7612.75	10
60.4765625000	n/a	7741	11
61.5332031250	n/a	7876.25	10
62.4785156250	n/a	7997.25	10
63.4628906250	n/a	8123.25	10
65.4589843750	n/a	8378.75	11
66.5058593750	n/a	8512.75	10
67.4667968750	n/a	8635.75	10
68.4707031250	n/a	8764.25	10
69.4667968750	n/a	8891.75	10
70.4570312500	n/a	9018.5	11
71.4863281250	n/a	9150.25	10
72.6015625000	n/a	9293	10
73.5625000000	n/a	9416	10
74.4375000000	n/a	9528	10
75.5156250000	n/a	9666	10
76.5546875000	n/a	9799	10
77.5058593750	n/a	9920.75	10
78.4843750000	n/a	10046	10
79.5800781250	n/a	10186.25	11
80.5332031250	n/a	10308.25	10
81.4667968750	n/a	10427.75	10
82.5625000000	n/a	10568	11
84.1855468750	n/a	10775.75	10
85.5449218750	n/a	10949.75	10
86.4531250000	n/a	11066	10
87.5351562500	n/a	11204.5	10
88.2753906250	n/a	11299.25	10
89.4531250000	n/a	11450	10
90.4570312500	n/a	11578.5	10
91.5859375000	n/a	11723	10
92.4941406250	n/a	11839.25	10
93.1582031250	n/a	11924.25	10
94.8085937500	n/a	12135.5	10
95.4746093750	n/a	12220.75	10
96.0253906250	n/a	12291.25	10
96.5878906250	n/a	12363.25	10
97.5039062500	n/a	12480.5	10
98.4824218750	n/a	12605.75	11
99.5683593750	n/a	12744.75	10
100.5625000000	n/a	12872	10
101.1621093750	n/a	12948.75	10
102.0078125000	n/a	13057	10
102.4609375000	n/a	13115	10
103.4804687500	n/a	13245.5	10
104.5253906250	n/a	13379.25	10
105.4570312500	n/a	13498.5	10
106.4863281250	n/a	13630.25	10
107.5058593750	n/a	13760.75	10
108.4921875000	n/a	13887	10
109.4824218750	n/a	14013.75	11
110.5273437500	n/a	14147.5	10
112.5117187500	n/a	14401.5	10
113.4199218750	n/a	14517.75	10
114.3886718750	n/a	14641.75	10
115.4726562500	n/a	14780.5	10
116.4667968750	n/a	14907.75	11
117.6972656250	n/a	15065.25	10
118.5195312500	n/a	15170.5	10
119.4199218750	n/a	15285.75	10
120.5000000000	n/a	15424	10
121.4062500000	n/a	15540	10
122.4843750000	n/a	15678	10
122.9160156250	n/a	15733.25	10
123.4589843750	n/a	15802.75	10
124.4687500000	n/a	15932	10
125.4707031250	n/a	16060.25	10
126.4863281250	n/a	16190.25	10
127.5117187500	n/a	16321.5	10
128.5058593750	n/a	16448.75	10
129.4609375000	n/a	16571	10
130.5058593750	n/a	16704.75	11
131.4238281250	n/a	16822.25	10
133.5468750000	n/a	17094	10
134.4824218750	n/a	17213.75	10
135.4746093750	n/a	17340.75	10
136.5429687500	n/a	17477.5	10
137.4492187500	n/a	17593.5	10
138.6113281250	n/a	17742.25	10
139.4804687500	n/a	17853.5	10
140.4570312500	n/a	17978.5	10
141.4394531250	n/a	18104.25	10
142.4589843750	n/a	18234.75	10
143.4375000000	n/a	18360	10
144.4199218750	n/a	18485.75	10
145.4707031250	n/a	18620.25	10
146.4687500000	n/a	18748	11
147.4667968750	n/a	18875.75	10
148.4414062500	n/a	19000.5	10
149.4687500000	n/a	19132	10
150.8183593750	n/a	19304.75	10
151.4707031250	n/a	19388.25	10
152.0527343750	n/a	19462.75	10
153.4199218750	n/a	19637.75	10
154.5039062500	n/a	19776.5	10
155.4589843750	n/a	19898.75	10
156.0136718750	n/a	19969.75	10
156.4746093750	n/a	20028.75	10
157.4843750000	n/a	20158	10
158.4921875000	n/a	20287	10
159.4824218750	n/a	20413.75	10
160.4746093750	n/a	20540.75	10
161.4707031250	n/a	20668.25	10
162.4804687500	n/a	20797.5	10
163.4863281250	n/a	20926.25	10
164.4726562500	n/a	21052.5	10
165.4550781250	n/a	21178.25	10
166.4804687500	n/a	21309.5	10
167.4472656250	n/a	21433.25	10
168.5019531250	n/a	21568.25	10
169.4277343750	n/a	21686.75	10
170.4707031250	n/a	21820.25	11
171.4648437500	n/a	21947.5	10
172.4511718750	n/a	22073.75	10
173.4609375000	n/a	22203	10
173.9218750000	n/a	22262	10
174.4414062500	n/a	22328.5	10
175.4843750000	n/a	22462	11
176.5039062500	n/a	22592.5	10
177.4667968750	n/a	22715.75	10
178.0605468750	n/a	22791.75	10
178.5000000000	n/a	22848	10
179.5507812500	n/a	22982.5	11
180.4433593750	n/a	23096.75	11
181.4433593750	n/a	23224.75	10
182.4257812500	n/a	23350.5	10
183.4785156250	n/a	23485.25	10
184.6054687500	n/a	23629.5	10
186.4589843750	n/a	23866.75	10
187.3984375000	n/a	23987	11
189.4863281250	n/a	24254.25	10
190.4804687500	n/a	24381.5	10
191.4121093750	n/a	24500.75	10
192.4589843750	n/a	24634.75	10
193.4628906250	n/a	24763.25	10
194.4707031250	n/a	24892.25	10
195.0488281250	n/a	24966.25	10
195.5000000000	n/a	25024	10
196.2226562500	n/a	25116.5	10
197.4375000000	n/a	25272	10
198.4863281250	n/a	25406.25	10
199.4042968750	n/a	25523.75	10
200.5000000000	n/a	25664	10
201.4199218750	n/a	25781.75	10
202.5937500000	n/a	25932	10
203.3808593750	n/a	26032.75	10
219.8457031250	n/a	28140.25	10
219.9414062500	n/a	28152.5	10
221.0156250000	n/a	28290	10
222.0507812500	n/a	28422.5	10
223.0878906250	n/a	28555.25	10
224.0683593750	n/a	28680.75	10
224.7265625000	n/a	28765	10
226.0585937500	n/a	28935.5	11
227.1152343750	n/a	29070.75	10
228.1113281250	n/a	29198.25	10
228.5507812500	n/a	29254.5	10
229.0878906250	n/a	29323.25	11
230.0644531250	n/a	29448.25	10
231.0781250000	n/a	29578	10
232.0644531250	n/a	29704.25	10
233.1093750000	n/a	29838	10
234.0722656250	n/a	29961.25	11
235.1367187500	n/a	30097.5	10
236.0644531250	n/a	30216.25	11
237.1171875000	n/a	30351	10
238.1093750000	n/a	30478	10
239.0625000000	n/a	30600	10
240.0136718750	n/a	30721.75	10
241.0898437500	n/a	30859.5	10
241.6953125000	n/a	30937	10
242.1054687500	n/a	30989.5	10
242.6894531250	n/a	31064.25	10
243.1230468750	n/a	31119.75	10
244.1269531250	n/a	31248.25	10
245.1679687500	n/a	31381.5	10
246.0566406250	n/a	31495.25	10
247.0859375000	n/a	31627	11
248.0488281250	n/a	31750.25	10
249.1328125000	n/a	31889	10
250.0722656250	n/a	32009.25	10
251.1015625000	n/a	32141	10
252.0390625000	n/a	32261	11
253.0664062500	n/a	32392.5	10
254.0605468750	n/a	32519.75	10
255.1054687500	n/a	32653.5	10
257.1660156250	n/a	32917.25	10
258.0429687500	n/a	33029.5	10
259.1035156250	n/a	33165.25	10
260.0683593750	n/a	33288.75	10
261.1210937500	n/a	33423.5	10
262.3027343750	n/a	33574.75	10
263.1093750000	n/a	33678	10
264.0937500000	n/a	33804	10
265.0351562500	n/a	33924.5	10
266.0156250000	n/a	34050	10
267.0781250000	n/a	34186	10
268.1015625000	n/a	34317	11
269.0781250000	n/a	34442	10
270.1582031250	n/a	34580.25	10
271.1328125000	n/a	34705	11
272.1855468750	n/a	34839.75	10
274.0839843750	n/a	35082.75	10
275.1035156250	n/a	35213.25	10
276.0722656250	n/a	35337.25	10
277.0527343750	n/a	35462.75	10
278.0488281250	n/a	35590.25	10
279.0722656250	n/a	35721.25	10
280.0429687500	n/a	35845.5	11
281.0761718750	n/a	35977.75	10
282.1152343750	n/a	36110.75	10
283.0917968750	n/a	36235.75	10
284.0605468750	n/a	36359.75	11
285.0449218750	n/a	36485.75	10
286.0371093750	n/a	36612.75	10
287.1328125000	n/a	36753	10
288.0996093750	n/a	36876.75	10
289.0703125000	n/a	37001	10
290.0644531250	n/a	37128.25	10
291.1093750000	n/a	37262	10
292.0566406250	n/a	37383.25	11
293.1152343750	n/a	37518.75	10
294.1816406250	n/a	37655.25	10
295.0351562500	n/a	37764.5	10
296.0585937500	n/a	37895.5	10
297.0625000000	n/a	38024	10
298.1015625000	n/a	38157	10
299.1054687500	n/a	38285.5	10
299.9414062500	n/a	38392.5	10
301.1035156250	n/a	38541.25	10
302.0781250000	n/a	38666	10
303.1210937500	n/a	38799.5	11
304.1464843750	n/a	38930.75	10
305.0214843750	n/a	39042.75	10
305.5683593750	n/a	39112.75	10
306.0410156250	n/a	39173.25	10
307.0429687500	n/a	39301.5	10
308.0410156250	n/a	39429.25	10
309.0585937500	n/a	39559.5	10
310.0839843750	n/a	39690.75	10
311.0136718750	n/a	39809.75	10
312.0605468750	n/a	39943.75	10
313.0585937500	n/a	40071.5	10
314.0761718750	n/a	40201.75	10
315.0878906250	n/a	40331.25	10
316.0253906250	n/a	40451.25	10
317.0410156250	n/a	40581.25	11
318.0859375000	n/a	40715	10
319.0644531250	n/a	40840.25	10
320.1054687500	n/a	40973.5	10
321.0742187500	n/a	41097.5	10
322.0136718750	n/a	41217.75	10
323.0781250000	n/a	41354	10
324.0605468750	n/a	41479.75	10
324.8789062500	n/a	41584.5	10
326.0468750000	n/a	41734	10
327.0429687500	n/a	41861.5	10
328.0234375000	n/a	41987	10
329.0527343750	n/a	42118.75	10
329.9726562500	n/a	42236.5	11
331.0566406250	n/a	42375.25	10
332.0839843750	n/a	42506.75	10
332.4843750000	n/a	42558	10
333.0527343750	n/a	42630.75	10
334.0058593750	n/a	42752.75	11
335.0898437500	n/a	42891.5	10
336.0488281250	n/a	43014.25	10
337.1269531250	n/a	43152.25	10
338.0585937500	n/a	43271.5	10
338.4492187500	n/a	43321.5	10
339.0585937500	n/a	43399.5	10
340.0507812500	n/a	43526.5	10
341.0761718750	n/a	43657.75	10
342.0273437500	n/a	43779.5	10
343.1113281250	n/a	43918.25	10
344.0976562500	n/a	44044.5	10
345.1074218750	n/a	44173.75	11
346.0625000000	n/a	44296	10
347.1171875000	n/a	44431	10
347.7656250000	n/a	44514	10
349.0214843750	n/a	44674.75	10
350.0859375000	n/a	44811	10
351.1425781250	n/a	44946.25	10
352.0195312500	n/a	45058.5	10
353.0546875000	n/a	45191	10
354.0039062500	n/a	45312.5	10
355.0507812500	n/a	45446.5	10
356.0371093750	n/a	45572.75	10
357.0019531250	n/a	45696.25	10
358.0273437500	n/a	45827.5	10
358.4824218750	n/a	45885.75	10
359.1328125000	n/a	45969	10
360.0175781250	n/a	46082.25	10
361.0546875000	n/a	46215	11
362.0371093750	n/a	46340.75	10
363.0000000000	n/a	46464	10
364.0781250000	n/a	46602	10
364.9531250000	n/a	46714	10
366.1054687500	n/a	46861.5	10
367.0449218750	n/a	46981.75	10
368.0878906250	n/a	47115.25	10
370.0585937500	n/a	47367.5	10
371.1230468750	n/a	47503.75	11
372.0683593750	n/a	47624.75	10
373.0625000000	n/a	47752	10
374.0546875000	n/a	47879	10
375.1503906250	n/a	48019.25	10
376.0937500000	n/a	48140	10
377.1132812500	n/a	48270.5	10
377.9785156250	n/a	48381.25	10
379.0585937500	n/a	48519.5	10
380.0449218750	n/a	48645.75	10
381.0410156250	n/a	48773.25	10
382.0371093750	n/a	48900.75	10
383.0683593750	n/a	49032.75	10
384.0312500000	n/a	49156	10
385.0117187500	n/a	49281.5	10
385.9824218750	n/a	49405.75	10
386.5878906250	n/a	49483.25	10
387.0683593750	n/a	49544.75	10
387.9824218750	n/a	49661.75	10
388.4648437500	n/a	49723.5	10
389.0585937500	n/a	49799.5	10
390.0410156250	n/a	49925.25	10
390.5234375000	n/a	49987	10
391.2246093750	n/a	50076.75	10
392.0332031250	n/a	50180.25	10
393.0058593750	n/a	50304.75	10
394.0312500000	n/a	50436	10
394.4316406250	n/a	50487.25	10
394.9238281250	n/a	50550.25	10
396.0605468750	n/a	50695.75	10
396.9687500000	n/a	50812	10
398.1503906250	n/a	50963.25	10
399.0195312500	n/a	51074.5	10
400.0351562500	n/a	51204.5	10
401.0195312500	n/a	51330.5	10
402.0195312500	n/a	51458.5	11
403.0878906250	n/a	51595.25	10
404.0117187500	n/a	51713.5	10
405.9804687500	n/a	51965.5	10
407.0761718750	n/a	52105.75	10
408.0000000000	n/a	52224	10
408.4394531250	n/a	52280.25	10
409.0253906250	n/a	52355.25	10
409.9824218750	n/a	52477.75	10
411.0390625000	n/a	52613	11
411.9492187500	n/a	52729.5	10
413.0253906250	n/a	52867.25	10
414.0195312500	n/a	52994.5	10
414.9785156250	n/a	53117.25	10
416.0078125000	n/a	53249	10
417.0332031250	n/a	53380.25	10
418.0488281250	n/a	53510.25	10
433.0312500000	n/a	55428	10
433.2265625000	n/a	55453	10
434.4121093750	n/a	55604.75	10
435.2460937500	n/a	55711.5	10
436.2402343750	n/a	55838.75	10
437.2363281250	n/a	55966.25	10
438.2421875000	n/a	56095	10
439.3203125000	n/a	56233	10
439.9062500000	n/a	56308	10
441.2578125000	n/a	56481	10
442.3066406250	n/a	56615.25	10
443.2656250000	n/a	56738	10
444.2890625000	n/a	56869	10
445.2890625000	n/a	56997	10
446.0996093750	n/a	57100.75	10
446.5117187500	n/a	57153.5	10
447.2636718750	n/a	57249.75	10
448.2968750000	n/a	57382	10
449.2304687500	n/a	57501.5	10
450.2226562500	n/a	57628.5	10
451.2285156250	n/a	57757.25	11
452.3535156250	n/a	57901.25	11
453.3691406250	n/a	58031.25	10
454.3085937500	n/a	58151.5	10
455.3027343750	n/a	58278.75	10
456.2929687500	n/a	58405.5	10
457.2695312500	n/a	58530.5	10
458.2773437500	n/a	58659.5	10
459.2597656250	n/a	58785.25	10
460.2578125000	n/a	58913	10
461.2050781250	n/a	59034.25	10
462.2695312500	n/a	59170.5	10
463.2695312500	n/a	59298.5	10
464.0390625000	n/a	59397	10
465.2539062500	n/a	59552.5	10
467.2753906250	n/a	59811.25	10
468.2656250000	n/a	59938	10
469.2343750000	n/a	60062	10
470.1953125000	n/a	60185	10
471.2460937500	n/a	60319.5	11
472.1367187500	n/a	60433.5	10
473.2480468750	n/a	60575.75	10
474.4355468750	n/a	60727.75	10
475.3085937500	n/a	60839.5	10
476.2382812500	n/a	60958.5	10
477.2773437500	n/a	61091.5	10
478.3339843750	n/a	61226.75	10
479.3105468750	n/a	61351.75	10
480.2500000000	n/a	61472	10
481.2656250000	n/a	61602	10
482.2363281250	n/a	61726.25	10
483.2949218750	n/a	61861.75	10
484.2812500000	n/a	61988	10
485.2480468750	n/a	62111.75	10
486.2480468750	n/a	62239.75	10
487.2265625000	n/a	62365	10
488.2890625000	n/a	62501	10
489.2382812500	n/a	62622.5	10
490.3007812500	n/a	62758.5	10
490.7109375000	n/a	62811	10
491.2753906250	n/a	62883.25	10
492.2578125000	n/a	63009	10
493.2285156250	n/a	63133.25	10
494.2285156250	n/a	63261.25	10
495.3730468750	n/a	63407.75	10
496.1289062500	n/a	63504.5	10
497.2343750000	n/a	63646	10
498.2382812500	n/a	63774.5	11
499.2988281250	n/a	63910.25	10
500.3125000000	n/a	64040	10
501.2988281250	n/a	64166.25	10
502.3144531250	n/a	64296.25	11
503.2558593750	n/a	64416.75	10
504.2695312500	n/a	64546.5	10
505.2656250000	n/a	64674	10
506.3496093750	n/a	64812.75	10
507.3183593750	n/a	64936.75	10
508.3574218750	n/a	65069.75	11
509.2773437500	n/a	65187.5	10
510.2832031250	n/a	65316.25	10
511.3222656250	n/a	65449.25	10
512.2929687500	n/a	65573.5	10
513.2402343750	n/a	65694.75	10
514.2949218750	n/a	65829.75	10
515.2363281250	n/a	65950.25	10
516.2382812500	n/a	66078.5	10
517.2460937500	n/a	66207.5	11
518.2285156250	n/a	66333.25	10
519.2812500000	n/a	66468	10
519.9765625000	n/a	66557	10
521.2656250000	n/a	66722	10
523.1992187500	n/a	66969.5	10
524.2460937500	n/a	67103.5	10
525.2558593750	n/a	67232.75	11
526.3066406250	n/a	67367.25	10
527.3789062500	n/a	67504.5	10
528.2871093750	n/a	67620.75	10
529.2324218750	n/a	67741.75	10
530.2519531250	n/a	67872.25	10
531.3789062500	n/a	68016.5	10
532.3105468750	n/a	68135.75	11
533.2753906250	n/a	68259.25	10
534.2382812500	n/a	68382.5	10
535.2402343750	n/a	68510.75	10
537.2871093750	n/a	68772.75	10
538.0996093750	n/a	68876.75	10
539.2402343750	n/a	69022.75	10
540.3261718750	n/a	69161.75	10
541.2949218750	n/a	69285.75	10
542.2050781250	n/a	69402.25	11
543.3320312500	n/a	69546.5	10
544.2324218750	n/a	69661.75	10
545.2929687500	n/a	69797.5	10
546.2675781250	n/a	69922.25	10
547.2128906250	n/a	70043.25	11
548.2363281250	n/a	70174.25	10
549.2539062500	n/a	70304.5	10
550.3261718750	n/a	70441.75	10
551.4082031250	n/a	70580.25	10
552.2148437500	n/a	70683.5	10
553.2207031250	n/a	70812.25	10
554.2519531250	n/a	70944.25	10
555.2773437500	n/a	71075.5	10
556.1093750000	n/a	71182	10
556.8144531250	n/a	71272.25	10
558.2343750000	n/a	71454	10
559.2421875000	n/a	71583	10
560.3945312500	n/a	71730.5	10
561.3261718750	n/a	71849.75	10
562.0449218750	n/a	71941.75	11
563.2890625000	n/a	72101	10
564.3652343750	n/a	72238.75	10
565.2265625000	n/a	72349	10
566.1894531250	n/a	72472.25	10
567.3085937500	n/a	72615.5	10
568.2617187500	n/a	72737.5	10
569.2070312500	n/a	72858.5	10
570.2519531250	n/a	72992.25	10
571.2460937500	n/a	73119.5	10
573.2714843750	n/a	73378.75	10
574.1679687500	n/a	73493.5	10
575.2402343750	n/a	73630.75	10
576.0742187500	n/a	73737.5	10
577.2695312500	n/a	73890.5	10
578.2089843750	n/a	74010.75	10
579.2753906250	n/a	74147.25	10
580.1523437500	n/a	74259.5	10
581.2246093750	n/a	74396.75	10
582.3183593750	n/a	74536.75	10
583.2324218750	n/a	74653.75	10
584.0546875000	n/a	74759	10
585.2714843750	n/a	74914.75	10
586.2597656250	n/a	75041.25	10
587.3027343750	n/a	75174.75	10
588.3105468750	n/a	75303.75	11
589.2656250000	n/a	75426	10
590.2773437500	n/a	75555.5	10
591.2968750000	n/a	75686	10
592.3105468750	n/a	75815.75	10
593.2812500000	n/a	75940	10
593.9960937500	n/a	76031.5	10
595.3574218750	n/a	76205.75	10
596.3242187500	n/a	76329.5	10
597.2480468750	n/a	76447.75	10
598.2656250000	n/a	76578	10
598.6640625000	n/a	76629	10
599.2070312500	n/a	76698.5	10
599.8652343750	n/a	76782.75	10
600.3242187500	n/a	76841.5	10
602.2324218750	n/a	77085.75	10
603.2343750000	n/a	77214	10
604.3613281250	n/a	77358.25	10
606.3144531250	n/a	77608.25	10
607.1992187500	n/a	77721.5	11
608.3105468750	n/a	77863.75	10
609.3261718750	n/a	77993.75	10
610.2871093750	n/a	78116.75	10
611.2343750000	n/a	78238	10
612.3261718750	n/a	78377.75	10
612.7812500000	n/a	78436	10
614.3476562500	n/a	78636.5	10
615.2089843750	n/a	78746.75	10
616.3359375000	n/a	78891	10
617.2753906250	n/a	79011.25	10
618.2070312500	n/a	79130.5	11
620.3593750000	n/a	79406	10
621.1953125000	n/a	79513	10
622.1484375000	n/a	79635	10
623.2460937500	n/a	79775.5	10
624.0019531250	n/a	79872.25	10
625.1855468750	n/a	80023.75	10
626.2109375000	n/a	80155	10
626.7597656250	n/a	80225.25	10
627.2148437500	n/a	80283.5	11
628.2187500000	n/a	80412	10
629.2285156250	n/a	80541.25	10
630.2167968750	n/a	80667.75	10
631.2070312500	n/a	80794.5	10
648.5800781250	n/a	83018.25	10
648.7636718750	n/a	83041.75	10
649.8125000000	n/a	83176	10
650.7695312500	n/a	83298.5	10
651.8261718750	n/a	83433.75	10
652.8203125000	n/a	83561	10
653.7792968750	n/a	83683.75	10
654.8398437500	n/a	83819.5	10
655.7949218750	n/a	83941.75	10
656.8183593750	n/a	84072.75	10
657.7910156250	n/a	84197.25	10
658.8730468750	n/a	84335.75	10
659.7031250000	n/a	84442	11
660.8242187500	n/a	84585.5	10
661.8320312500	n/a	84714.5	10
662.7714843750	n/a	84834.75	10
663.8769531250	n/a	84976.25	11
664.8496093750	n/a	85100.75	10
665.8261718750	n/a	85225.75	10
666.7773437500	n/a	85347.5	10
667.8867187500	n/a	85489.5	10
668.8261718750	n/a	85609.75	10
669.8261718750	n/a	85737.75	10
670.7617187500	n/a	85857.5	10
671.8750000000	n/a	86000	10
672.8554687500	n/a	86125.5	10
673.8281250000	n/a	86250	10
674.7832031250	n/a	86372.25	10
675.6914062500	n/a	86488.5	10
676.8320312500	n/a	86634.5	10
677.6250000000	n/a	86736	11
678.7773437500	n/a	86883.5	10
679.8203125000	n/a	87017	10
680.6328125000	n/a	87121	10
681.8183593750	n/a	87272.75	10
682.8437500000	n/a	87404	10
683.8164062500	n/a	87528.5	10
684.8945312500	n/a	87666.5	10
686.1484375000	n/a	87827	10
686.8085937500	n/a	87911.5	10
687.8398437500	n/a	88043.5	10
688.8144531250	n/a	88168.25	10
689.5898437500	n/a	88267.5	10
690.8320312500	n/a	88426.5	10
691.8691406250	n/a	88559.25	10
692.9414062500	n/a	88696.5	10
693.8164062500	n/a	88808.5	11
694.8242187500	n/a	88937.5	10
696.8320312500	n/a	89194.5	10
697.2558593750	n/a	89248.75	10
697.8046875000	n/a	89319	10
698.7929687500	n/a	89445.5	10
699.8808593750	n/a	89584.75	10
700.8281250000	n/a	89706	10
701.7968750000	n/a	89830	10
702.7832031250	n/a	89956.25	10
703.8105468750	n/a	90087.75	10
704.8242187500	n/a	90217.5	10
705.7832031250	n/a	90340.25	10
706.8046875000	n/a	90471	10
707.7421875000	n/a	90591	10
708.7597656250	n/a	90721.25	10
709.8007812500	n/a	90854.5	10
710.7832031250	n/a	90980.25	10
711.9375000000	n/a	91128	10
712.8203125000	n/a	91241	11
713.8203125000	n/a	91369	10
714.7871093750	n/a	91492.75	10
715.8574218750	n/a	91629.75	10
716.8066406250	n/a	91751.25	11
717.8046875000	n/a	91879	10
718.8222656250	n/a	92009.25	10
719.8066406250	n/a	92135.25	10
720.7792968750	n/a	92259.75	10
721.7968750000	n/a	92390	10
722.7324218750	n/a	92509.75	10
723.9218750000	n/a	92662	10
724.8183593750	n/a	92776.75	10
725.8359375000	n/a	92907	10
726.8535156250	n/a	93037.25	10
727.8867187500	n/a	93169.5	10
728.7734375000	n/a	93283	10
729.7812500000	n/a	93412	10
730.6386718750	n/a	93521.75	10
731.8144531250	n/a	93672.25	10
732.7714843750	n/a	93794.75	10
733.7851562500	n/a	93924.5	10
734.7500000000	n/a	94048	10
735.8671875000	n/a	94191	10
736.7519531250	n/a	94304.25	10
737.7226562500	n/a	94428.5	10
738.7656250000	n/a	94562	10
740.1289062500	n/a	94736.5	10
740.7988281250	n/a	94822.25	10
741.7988281250	n/a	94950.25	10
742.7402343750	n/a	95070.75	10
743.8183593750	n/a	95208.75	10
744.8066406250	n/a	95335.25	10
745.7636718750	n/a	95457.75	10
746.8066406250	n/a	95591.25	10
747.9433593750	n/a	95736.75	10
748.8125000000	n/a	95848	10
749.8046875000	n/a	95975	10
750.7539062500	n/a	96096.5	10
751.8769531250	n/a	96240.25	10
752.7343750000	n/a	96350	10
754.7832031250	n/a	96612.25	10
755.8203125000	n/a	96745	10
756.7597656250	n/a	96865.25	11
758.1777343750	n/a	97046.75	10
759.1562500000	n/a	97172	10
760.7226562500	n/a	97372.5	11
761.8046875000	n/a	97511	10
762.7734375000	n/a	97635	10
763.8222656250	n/a	97769.25	10
764.7695312500	n/a	97890.5	11
765.7832031250	n/a	98020.25	10
766.7832031250	n/a	98148.25	10
767.6132812500	n/a	98254.5	10
768.6757812500	n/a	98390.5	10
769.8671875000	n/a	98543	10
770.7988281250	n/a	98662.25	10
771.8105468750	n/a	98791.75	10
772.7773437500	n/a	98915.5	11
773.8632812500	n/a	99054.5	10
774.7734375000	n/a	99171	10
775.8496093750	n/a	99308.75	10
776.7929687500	n/a	99429.5	10
777.8359375000	n/a	99563	10
778.8183593750	n/a	99688.75	10
780.8457031250	n/a	99948.25	10
781.7226562500	n/a	100060.5	10
782.8496093750	n/a	100204.75	10
783.7304687500	n/a	100317.5	10
784.7753906250	n/a	100451.25	10
785.7656250000	n/a	100578	10
786.4902343750	n/a	100670.75	10
787.7929687500	n/a	100837.5	10
788.7343750000	n/a	100958	10
789.7832031250	n/a	101092.25	10
790.7050781250	n/a	101210.25	10
791.7832031250	n/a	101348.25	10
792.6660156250	n/a	101461.25	10
793.8125000000	n/a	101608	10
794.3378906250	n/a	101675.25	10
794.7812500000	n/a	101732	10
795.2402343750	n/a	101790.75	10
795.9667968750	n/a	101883.75	11
796.8359375000	n/a	101995	10
797.8378906250	n/a	102123.25	10
798.7207031250	n/a	102236.25	10
799.7734375000	n/a	102371	10
800.7558593750	n/a	102496.75	10
802.1152343750	n/a	102670.75	11
802.9101562500	n/a	102772.5	10
803.8261718750	n/a	102889.75	10
804.8105468750	n/a	103015.75	11
805.7636718750	n/a	103137.75	10
806.7871093750	n/a	103268.75	10
807.5351562500	n/a	103364.5	10
808.1464843750	n/a	103442.75	10
808.7441406250	n/a	103519.25	10
809.7089843750	n/a	103642.75	10
810.7519531250	n/a	103776.25	10
811.8007812500	n/a	103910.5	11
812.9980468750	n/a	104063.75	10
813.8554687500	n/a	104173.5	10
814.7558593750	n/a	104288.75	10
815.7714843750	n/a	104418.75	10
816.7656250000	n/a	104546	10
817.7675781250	n/a	104674.25	10
819.7812500000	n/a	104932	10
820.9433593750	n/a	105080.75	10
821.7460937500	n/a	105183.5	11
822.7949218750	n/a	105317.75	10
823.9042968750	n/a	105459.75	10
824.8164062500	n/a	105576.5	10
825.7441406250	n/a	105695.25	10
826.3593750000	n/a	105774	10
826.7832031250	n/a	105828.25	11
827.8242187500	n/a	105961.5	10
828.8222656250	n/a	106089.25	10
829.8183593750	n/a	106216.75	11
830.8105468750	n/a	106343.75	10
831.8398437500	n/a	106475.5	10
834.6796875000	n/a	106839	10
835.8652343750	n/a	106990.75	11
836.7617187500	n/a	107105.5	10
837.7929687500	n/a	107237.5	10
838.7851562500	n/a	107364.5	10
839.7656250000	n/a	107490	10
840.8125000000	n/a	107624	10
841.7597656250	n/a	107745.25	10
842.7285156250	n/a	107869.25	10
843.5859375000	n/a	107979	10
844.7968750000	n/a	108134	10
845.7617187500	n/a	108257.5	10
846.7617187500	n/a	108385.5	11
864.1269531250	n/a	110608.25	10
864.2714843750	n/a	110626.75	11
865.5253906250	n/a	110787.25	10
866.3359375000	n/a	110891	10
867.4082031250	n/a	111028.25	10
868.3457031250	n/a	111148.25	10
869.3320312500	n/a	111274.5	10
871.4257812500	n/a	111542.5	10
872.3144531250	n/a	111656.25	10
873.3320312500	n/a	111786.5	10
874.3359375000	n/a	111915	10
875.3652343750	n/a	112046.75	10
876.3339843750	n/a	112170.75	10
877.4121093750	n/a	112308.75	10
878.3007812500	n/a	112422.5	10
880.3671875000	n/a	112687	10
881.4335937500	n/a	112823.5	10
882.3828125000	n/a	112945	10
883.3632812500	n/a	113070.5	10
884.3632812500	n/a	113198.5	10
885.4472656250	n/a	113337.25	10
886.3652343750	n/a	113454.75	10
887.4003906250	n/a	113587.25	10
888.3632812500	n/a	113710.5	10
889.4238281250	n/a	113846.25	11
890.3339843750	n/a	113962.75	10
891.1914062500	n/a	114072.5	10
891.9746093750	n/a	114172.75	10
892.4296875000	n/a	114231	10
893.3125000000	n/a	114344	11
894.3222656250	n/a	114473.25	10
895.3632812500	n/a	114606.5	10
896.3222656250	n/a	114729.25	10
897.3320312500	n/a	114858.5	10
898.3554687500	n/a	114989.5	10
898.7949218750	n/a	115045.75	10
899.2851562500	n/a	115108.5	10
900.3593750000	n/a	115246	10
901.3398437500	n/a	115371.5	10
902.3378906250	n/a	115499.25	10
903.3261718750	n/a	115625.75	10
904.3300781250	n/a	115754.25	10
905.3457031250	n/a	115884.25	10
906.3652343750	n/a	116014.75	10
907.4511718750	n/a	116153.75	10
908.3535156250	n/a	116269.25	10
909.3769531250	n/a	116400.25	10
910.2636718750	n/a	116513.75	10
911.3320312500	n/a	116650.5	10
913.3750000000	n/a	116912	10
914.3261718750	n/a	117033.75	10
915.4062500000	n/a	117172	10
916.3261718750	n/a	117289.75	10
917.3300781250	n/a	117418.25	10
918.3066406250	n/a	117543.25	10
919.1660156250	n/a	117653.25	10
920.3613281250	n/a	117806.25	10
921.2441406250	n/a	117919.25	10
922.3378906250	n/a	118059.25	10
923.3457031250	n/a	118188.25	10
924.3339843750	n/a	118314.75	10
925.1972656250	n/a	118425.25	10
926.6035156250	n/a	118605.25	10
927.4453125000	n/a	118713	10
928.3515625000	n/a	118829	10
929.3066406250	n/a	118951.25	11
930.3613281250	n/a	119086.25	10
931.3320312500	n/a	119210.5	10
932.3105468750	n/a	119335.75	10
933.3222656250	n/a	119465.25	10
934.3320312500	n/a	119594.5	10
934.7265625000	n/a	119645	10
935.5000000000	n/a	119744	10
936.3984375000	n/a	119859	10
937.1816406250	n/a	119959.25	10
938.3183593750	n/a	120104.75	10
939.3613281250	n/a	120238.25	10
940.3203125000	n/a	120361	10
941.3027343750	n/a	120486.75	10
942.3476562500	n/a	120620.5	10
943.4804687500	n/a	120765.5	10
944.3750000000	n/a	120880	11
945.3417968750	n/a	121003.75	10
946.3222656250	n/a	121129.25	10
947.3027343750	n/a	121254.75	10
948.3085937500	n/a	121383.5	10
949.3378906250	n/a	121515.25	10
950.2832031250	n/a	121636.25	10
951.3164062500	n/a	121768.5	10
952.4433593750	n/a	121912.75	11
953.3710937500	n/a	122031.5	10
954.3144531250	n/a	122152.25	10
955.3398437500	n/a	122283.5	10
956.3261718750	n/a	122409.75	10
957.3222656250	n/a	122537.25	10
958.3613281250	n/a	122670.25	10
959.2207031250	n/a	122780.25	10
960.2929687500	n/a	122917.5	10
961.9140625000	n/a	123125	10
962.3339843750	n/a	123178.75	10
963.1523437500	n/a	123283.5	11
963.6093750000	n/a	123342	11
964.4023437500	n/a	123443.5	10
965.3535156250	n/a	123565.25	10
966.3964843750	n/a	123698.75	10
967.3906250000	n/a	123826	10
969.3105468750	n/a	124071.75	10
970.4589843750	n/a	124218.75	10
971.1484375000	n/a	124307	10
972.3242187500	n/a	124457.5	10
973.3730468750	n/a	124591.75	10
974.4589843750	n/a	124730.75	10
975.3613281250	n/a	124846.25	10
977.3613281250	n/a	125102.25	10
978.3359375000	n/a	125227	10
979.3906250000	n/a	125362	10
979.9179687500	n/a	125429.5	10
980.3808593750	n/a	125488.75	10
981.3320312500	n/a	125610.5	10
982.1933593750	n/a	125720.75	11
983.3906250000	n/a	125874	10
984.4257812500	n/a	126006.5	10
985.3378906250	n/a	126123.25	10
986.3437500000	n/a	126252	10
987.3320312500	n/a	126378.5	10
988.3457031250	n/a	126508.25	10
989.2148437500	n/a	126619.5	10
990.3417968750	n/a	126763.75	10
991.0839843750	n/a	126858.75	10
992.2988281250	n/a	127014.25	10
993.5214843750	n/a	127170.75	10
994.3417968750	n/a	127275.75	10
995.2988281250	n/a	127398.25	11
996.5078125000	n/a	127553	10
997.3339843750	n/a	127658.75	10
998.3515625000	n/a	127789	10
999.2929687500	n/a	127909.5	10
1000.2968750000	n/a	128038	10
1001.3183593750	n/a	128168.75	10
1002.2949218750	n/a	128293.75	10
1003.3964843750	n/a	128434.75	10
1004.3164062500	n/a	128552.5	10
1005.1054687500	n/a	128653.5	10
1006.2753906250	n/a	128803.25	10
1007.0937500000	n/a	128908	10
1008.3203125000	n/a	129065	11
1009.4707031250	n/a	129212.25	10
1010.3203125000	n/a	129321	10
1011.3906250000	n/a	129458	10
1012.3183593750	n/a	129576.75	10
1013.3144531250	n/a	129704.25	10
1014.5214843750	n/a	129858.75	10
1016.8183593750	n/a	130152.75	10
1018.3378906250	n/a	130347.25	10
1019.4843750000	n/a	130494	10
1020.3183593750	n/a	130600.75	10
1021.4199218750	n/a	130741.75	10
1022.3476562500	n/a	130860.5	11
1023.5878906250	n/a	131019.25	10
1024.3515625000	n/a	131117	10
1025.2441406250	n/a	131231.25	10
1026.2617187500	n/a	131361.5	10
1027.3437500000	n/a	131500	10
1028.4355468750	n/a	131639.75	10
1029.5546875000	n/a	131783	10
1030.4355468750	n/a	131895.75	11
1031.3750000000	n/a	132016	10
1032.3281250000	n/a	132138	10
1033.3183593750	n/a	132264.75	10
1034.3261718750	n/a	132393.75	10
1036.3554687500	n/a	132653.5	11
1037.3730468750	n/a	132783.75	10
1038.3847656250	n/a	132913.25	10
1039.6855468750	n/a	133079.75	10
1041.3417968750	n/a	133291.75	10
1042.3398437500	n/a	133419.5	10
1043.3730468750	n/a	133551.75	10
1044.3828125000	n/a	133681	10
1045.3125000000	n/a	133800	10
1046.3964843750	n/a	133938.75	10
1047.3359375000	n/a	134059	10
1048.3359375000	n/a	134187	10
1049.1738281250	n/a	134294.25	10
1050.2656250000	n/a	134434	10
1051.3437500000	n/a	134572	10
1052.3535156250	n/a	134701.25	10
1052.9648437500	n/a	134779.5	10
1055.3593750000	n/a	135086	10
1056.3378906250	n/a	135211.25	10
1057.3457031250	n/a	135340.25	10
1058.2734375000	n/a	135459	11
1059.3183593750	n/a	135592.75	10
1060.3222656250	n/a	135721.25	10
1060.7285156250	n/a	135773.25	10
1061.3125000000	n/a	135848	10
1062.3476562500	n/a	135980.5	10
1079.1718750000	n/a	138134	10
1079.3515625000	n/a	138157	10
1080.3828125000	n/a	138289	10
1081.3417968750	n/a	138411.75	10
1082.4199218750	n/a	138549.75	10
1083.3652343750	n/a	138670.75	10
1084.3535156250	n/a	138797.25	10
1085.3652343750	n/a	138926.75	10
1086.4335937500	n/a	139063.5	10
1087.4707031250	n/a	139196.25	10
1088.4003906250	n/a	139315.25	10
1089.4121093750	n/a	139444.75	10
1090.4121093750	n/a	139572.75	10
1092.4863281250	n/a	139838.25	10
1092.9160156250	n/a	139893.25	10
1093.3984375000	n/a	139955	10
1094.1992187500	n/a	140057.5	10
1095.3964843750	n/a	140210.75	10
1096.4257812500	n/a	140342.5	10
1097.3945312500	n/a	140466.5	10
1098.5253906250	n/a	140611.25	10
1099.4394531250	n/a	140728.25	10
1100.4199218750	n/a	140853.75	10
1101.4042968750	n/a	140979.75	11
1102.4316406250	n/a	141111.25	10
1103.4257812500	n/a	141238.5	10
1104.0683593750	n/a	141320.75	10
1105.3554687500	n/a	141485.5	10
1106.3964843750	n/a	141618.75	10
1107.3964843750	n/a	141746.75	10
1108.4628906250	n/a	141883.25	10
1109.4492187500	n/a	142009.5	10
1110.3203125000	n/a	142121	10
1111.3750000000	n/a	142256	10
1112.6542968750	n/a	142419.75	10
1113.4042968750	n/a	142515.75	10
1113.8300781250	n/a	142570.25	10
1114.4511718750	n/a	142649.75	10
1115.4121093750	n/a	142772.75	10
1116.4707031250	n/a	142908.25	10
1117.3359375000	n/a	143019	10
1119.1171875000	n/a	143247	10
1120.3671875000	n/a	143407	10
1121.4023437500	n/a	143539.5	10
1122.4335937500	n/a	143671.5	11
1124.4882812500	n/a	143934.5	10
1125.3925781250	n/a	144050.25	10
1126.2207031250	n/a	144156.25	10
1127.4238281250	n/a	144310.25	10
1128.2304687500	n/a	144413.5	10
1130.4082031250	n/a	144692.25	10
1131.4121093750	n/a	144820.75	10
1132.3906250000	n/a	144946	10
1133.3886718750	n/a	145073.75	10
1134.1953125000	n/a	145177	10
1135.4003906250	n/a	145331.25	11
1136.4785156250	n/a	145469.25	10
1137.3867187500	n/a	145585.5	10
1138.3652343750	n/a	145710.75	10
1139.4746093750	n/a	145852.75	10
1140.4511718750	n/a	145977.75	10
1141.4003906250	n/a	146099.25	10
1142.1289062500	n/a	146192.5	10
1143.4160156250	n/a	146357.25	10
1144.3867187500	n/a	146481.5	10
1145.3378906250	n/a	146603.25	11
1146.4648437500	n/a	146747.5	10
1147.4160156250	n/a	146869.25	10
1148.0625000000	n/a	146952	10
1148.7070312500	n/a	147034.5	10
1149.4238281250	n/a	147126.25	10
1150.4609375000	n/a	147259	10
1151.3144531250	n/a	147368.25	10
1152.6406250000	n/a	147538	10
1153.4648437500	n/a	147643.5	10
1154.4003906250	n/a	147763.25	10
1155.4843750000	n/a	147902	10
1156.4140625000	n/a	148021	11
1157.4316406250	n/a	148151.25	10
1158.4335937500	n/a	148279.5	10
1159.4062500000	n/a	148404	10
1160.4531250000	n/a	148538	10
1161.4941406250	n/a	148671.25	11
1162.3828125000	n/a	148785	10
1163.4003906250	n/a	148915.25	10
1164.4335937500	n/a	149047.5	10
1165.3886718750	n/a	149169.75	10
1166.4453125000	n/a	149305	10
1167.4121093750	n/a	149428.75	10
1168.3847656250	n/a	149553.25	10
1169.4140625000	n/a	149685	10
1170.4882812500	n/a	149822.5	10
1171.3613281250	n/a	149934.25	10
1172.4277343750	n/a	150070.75	11
1174.4375000000	n/a	150328	10
1175.4277343750	n/a	150454.75	10
1176.5097656250	n/a	150593.25	10
1177.3671875000	n/a	150703	11
1178.3750000000	n/a	150832	10
1179.4160156250	n/a	150965.25	10
1180.4121093750	n/a	151092.75	10
1181.4003906250	n/a	151219.25	11
1182.4062500000	n/a	151348	10
1183.4414062500	n/a	151480.5	11
1184.4511718750	n/a	151609.75	10
1185.3984375000	n/a	151731	10
1185.9199218750	n/a	151797.75	10
1186.4257812500	n/a	151862.5	10
1187.3984375000	n/a	151987	10
1189.4453125000	n/a	152249	10
1190.3515625000	n/a	152365	10
1191.3769531250	n/a	152496.25	10
1192.3945312500	n/a	152626.5	10
1193.4062500000	n/a	152756	10
1194.3964843750	n/a	152882.75	10
1195.3847656250	n/a	153009.25	10
1196.4101562500	n/a	153140.5	10
1197.4238281250	n/a	153270.25	10
1198.4121093750	n/a	153396.75	10
1199.4160156250	n/a	153525.25	10
1200.6269531250	n/a	153680.25	11
1201.4726562500	n/a	153788.5	10
1202.4375000000	n/a	153912	10
1203.6503906250	n/a	154067.25	10
1204.4570312500	n/a	154170.5	10
1205.4218750000	n/a	154294	10
1206.1621093750	n/a	154388.75	10
1207.4863281250	n/a	154558.25	10
1208.3574218750	n/a	154669.75	10
1208.9394531250	n/a	154744.25	10
1209.3964843750	n/a	154802.75	10
1210.4296875000	n/a	154935	10
1211.4121093750	n/a	155060.75	10
1212.3222656250	n/a	155177.25	10
1214.4667968750	n/a	155451.75	10
1215.3652343750	n/a	155566.75	10
1216.1835937500	n/a	155671.5	10
1217.4453125000	n/a	155833	11
1218.4121093750	n/a	155956.75	10
1219.4296875000	n/a	156087	10
1220.3964843750	n/a	156210.75	10
1221.4179687500	n/a	156341.5	10
1222.3750000000	n/a	156464	10
1223.4628906250	n/a	156603.25	10
1224.3886718750	n/a	156721.75	10
1225.3867187500	n/a	156849.5	11
1227.4765625000	n/a	157117	10
1227.9062500000	n/a	157172	10
1229.3417968750	n/a	157355.75	11
1230.4902343750	n/a	157502.75	10
1232.4394531250	n/a	157752.25	11
1233.4609375000	n/a	157883	10
1234.4882812500	n/a	158014.5	10
1235.5019531250	n/a	158144.25	10
1236.4082031250	n/a	158260.25	10
1237.4199218750	n/a	158389.75	10
1238.4843750000	n/a	158526	10
1239.4472656250	n/a	158649.25	10
1240.4531250000	n/a	158778	11
1241.4609375000	n/a	158907	10
1242.4140625000	n/a	159029	10
1243.4042968750	n/a	159155.75	10
1244.4472656250	n/a	159289.25	10
1245.4472656250	n/a	159417.25	10
1246.4335937500	n/a	159543.5	11
1247.4101562500	n/a	159668.5	10
1248.4941406250	n/a	159807.25	10
1249.4589843750	n/a	159930.75	10
1250.4824218750	n/a	160061.75	10
1251.5019531250	n/a	160192.25	10
1252.4257812500	n/a	160310.5	10
1253.4082031250	n/a	160436.25	10
1254.5468750000	n/a	160582	10
1255.4316406250	n/a	160695.25	10
1256.4062500000	n/a	160820	10
1257.4062500000	n/a	160948	10
1258.4433593750	n/a	161080.75	10
1259.4570312500	n/a	161210.5	10
1260.3554687500	n/a	161325.5	10
1261.8085937500	n/a	161511.5	10
1262.4550781250	n/a	161594.25	10
1263.4785156250	n/a	161725.25	10
1264.4433593750	n/a	161848.75	10
1265.4394531250	n/a	161976.25	10
1266.3457031250	n/a	162092.25	10
1267.4003906250	n/a	162227.25	11
1269.0117187500	n/a	162433.5	10
1269.4628906250	n/a	162491.25	10
1270.4414062500	n/a	162616.5	10
1271.3984375000	n/a	162739	10
1272.2968750000	n/a	162854	10
1273.3808593750	n/a	162992.75	10
1274.4882812500	n/a	163134.5	10
1275.4628906250	n/a	163259.25	10
1276.3769531250	n/a	163376.25	10
1277.4062500000	n/a	163508	10
1291.9511718750	n/a	165369.75	10
1292.1171875000	n/a	165391	10
1293.1445312500	n/a	165522.5	10
1294.1367187500	n/a	165649.5	10
1295.2109375000	n/a	165787	10
1296.1621093750	n/a	165908.75	10
1297.1972656250	n/a	166041.25	10
1298.1308593750	n/a	166160.75	10
1300.1562500000	n/a	166420	10
1301.1523437500	n/a	166547.5	10
1302.1445312500	n/a	166674.5	10
1303.2636718750	n/a	166817.75	10
1304.1777343750	n/a	166934.75	10
1305.1621093750	n/a	167060.75	11
1306.2343750000	n/a	167198	10
1307.3691406250	n/a	167343.25	10
1308.1796875000	n/a	167447	10
1309.1738281250	n/a	167574.25	10
1310.1992187500	n/a	167705.5	10
1311.1914062500	n/a	167832.5	10
1312.2343750000	n/a	167966	10
1313.1523437500	n/a	168083.5	10
1314.2500000000	n/a	168224	10
1315.1914062500	n/a	168344.5	10
1316.1894531250	n/a	168472.25	10
1316.6250000000	n/a	168528	10
1317.1816406250	n/a	168599.25	10
1318.1523437500	n/a	168723.5	10
1319.3222656250	n/a	168873.25	10
1320.1796875000	n/a	168983	11
1321.1718750000	n/a	169110	10
1322.1542968750	n/a	169235.75	10
1323.2148437500	n/a	169371.5	10
1324.0996093750	n/a	169484.75	10
1325.1523437500	n/a	169619.5	10
1326.1621093750	n/a	169748.75	10
1327.0097656250	n/a	169857.25	10
1328.1679687500	n/a	170005.5	10
1329.1679687500	n/a	170133.5	10
1330.1250000000	n/a	170256	10
1331.1582031250	n/a	170388.25	10
1332.1562500000	n/a	170516	10
1333.1679687500	n/a	170645.5	10
1334.2714843750	n/a	170786.75	10
1335.1660156250	n/a	170901.25	10
1336.1875000000	n/a	171032	10
1337.1640625000	n/a	171157	10
1338.1933593750	n/a	171288.75	10
1339.1132812500	n/a	171406.5	11
1340.1894531250	n/a	171544.25	10
1341.1054687500	n/a	171661.5	10
1342.1699218750	n/a	171797.75	10
1343.2187500000	n/a	171932	10
1344.1894531250	n/a	172056.25	10
1345.0976562500	n/a	172172.5	10
1346.1835937500	n/a	172311.5	10
1347.1894531250	n/a	172440.25	11
1348.1621093750	n/a	172564.75	10
1349.1425781250	n/a	172690.25	10
1350.1484375000	n/a	172819	10
1351.1796875000	n/a	172951	10
1352.1640625000	n/a	173077	10
1353.1718750000	n/a	173206	10
1354.2246093750	n/a	173340.75	10
1355.1542968750	n/a	173459.75	10
1356.1503906250	n/a	173587.25	10
1357.2167968750	n/a	173723.75	10
1358.1484375000	n/a	173843	10
1359.1835937500	n/a	173975.5	10
1360.1054687500	n/a	174093.5	10
1361.1074218750	n/a	174221.75	10
1362.1542968750	n/a	174355.75	10
1363.1445312500	n/a	174482.5	10
1364.1738281250	n/a	174614.25	10
1365.1347656250	n/a	174737.25	10
1366.1699218750	n/a	174869.75	10
1367.1640625000	n/a	174997	10
1368.1230468750	n/a	175119.75	10
1369.1289062500	n/a	175248.5	10
1370.1796875000	n/a	175383	10
1371.2753906250	n/a	175523.25	10
1372.1582031250	n/a	175636.25	10
1373.1582031250	n/a	175764.25	10
1374.1210937500	n/a	175887.5	10
1376.1328125000	n/a	176145	10
1377.1484375000	n/a	176275	10
1378.1816406250	n/a	176407.25	11
1379.1621093750	n/a	176532.75	11
1380.1640625000	n/a	176661	10
1381.1347656250	n/a	176785.25	10
1382.1464843750	n/a	176914.75	10
1383.2480468750	n/a	177055.75	10
1384.1367187500	n/a	177169.5	10
1385.0664062500	n/a	177288.5	11
1386.1308593750	n/a	177424.75	10
1387.1816406250	n/a	177559.25	10
1388.1640625000	n/a	177685	10
1389.1816406250	n/a	177815.25	10
1390.0917968750	n/a	177931.75	10
1392.1464843750	n/a	178194.75	10
1393.1542968750	n/a	178323.75	10
1394.0957031250	n/a	178444.25	10
1395.1855468750	n/a	178583.75	10
1396.1445312500	n/a	178706.5	10
1397.1328125000	n/a	178833	10
1398.1660156250	n/a	178965.25	11
1399.1699218750	n/a	179093.75	10
1400.1425781250	n/a	179218.25	10
1401.1464843750	n/a	179346.75	10
1402.1191406250	n/a	179471.25	10
1403.1640625000	n/a	179605	10
1404.1308593750	n/a	179728.75	10
1405.1640625000	n/a	179861	11
1406.1445312500	n/a	179986.5	10
1407.1679687500	n/a	180117.5	10
1408.1425781250	n/a	180242.25	10
1409.1523437500	n/a	180371.5	10
1410.1992187500	n/a	180505.5	10
1411.1523437500	n/a	180627.5	11
1412.1542968750	n/a	180755.75	10
1413.1699218750	n/a	180885.75	10
1413.6132812500	n/a	180942.5	10
1414.1523437500	n/a	181011.5	10
1415.1582031250	n/a	181140.25	10
1416.1582031250	n/a	181268.25	10
1417.1542968750	n/a	181395.75	10
1418.2031250000	n/a	181530	11
1419.1660156250	n/a	181653.25	10
1420.1640625000	n/a	181781	10
1420.5898437500	n/a	181835.5	10
1421.1191406250	n/a	181903.25	10
1422.1328125000	n/a	182033	10
1423.1542968750	n/a	182163.75	10
1424.1445312500	n/a	182290.5	10
1425.0742187500	n/a	182409.5	10
1426.1308593750	n/a	182544.75	10
1427.1933593750	n/a	182680.75	10
1428.1289062500	n/a	182800.5	11
1429.1250000000	n/a	182928	10
1430.1230468750	n/a	183055.75	10
1431.1718750000	n/a	183190	10
1432.0937500000	n/a	183308	10
1433.0878906250	n/a	183435.25	10
1434.1445312500	n/a	183570.5	10
1435.1191406250	n/a	183695.25	10
1436.1386718750	n/a	183825.75	10
1437.0839843750	n/a	183946.75	10
1438.3671875000	n/a	184111	10
1439.1738281250	n/a	184214.25	10
1440.1464843750	n/a	184338.75	10
1441.1054687500	n/a	184461.5	10
1442.1230468750	n/a	184591.75	10
1443.1308593750	n/a	184720.75	10
1444.1269531250	n/a	184848.25	10
1445.1425781250	n/a	184978.25	11
1446.1191406250	n/a	185103.25	10
1447.1542968750	n/a	185235.75	10
1448.1542968750	n/a	185363.75	10
1449.1367187500	n/a	185489.5	10
1450.0625000000	n/a	185608	10
1451.2304687500	n/a	185757.5	10
1452.0585937500	n/a	185863.5	10
1453.0605468750	n/a	185991.75	10
1454.1152343750	n/a	186126.75	10
1455.2031250000	n/a	186266	10
1456.0996093750	n/a	186380.75	10
1457.0937500000	n/a	186508	10
1458.1132812500	n/a	186638.5	10
1459.1230468750	n/a	186767.75	10
1460.1367187500	n/a	186897.5	10
1460.5683593750	n/a	186952.75	10
1461.1503906250	n/a	187027.25	10
1462.1132812500	n/a	187150.5	10
1463.1328125000	n/a	187281	10
1464.0917968750	n/a	187403.75	10
1465.1152343750	n/a	187534.75	10
1466.1464843750	n/a	187666.75	11
1467.1484375000	n/a	187795	10
1468.0234375000	n/a	187907	10
1469.2011718750	n/a	188057.75	10
1470.1113281250	n/a	188174.25	10
1472.2011718750	n/a	188441.75	10
1473.0488281250	n/a	188550.25	10
1474.1210937500	n/a	188687.5	10
1475.1914062500	n/a	188824.5	10
1476.1894531250	n/a	188952.25	10
1477.1679687500	n/a	189077.5	10
1478.1347656250	n/a	189201.25	10
1479.1523437500	n/a	189331.5	10
1480.1542968750	n/a	189459.75	10
1481.1503906250	n/a	189587.25	11
1482.3886718750	n/a	189745.75	10
1483.2050781250	n/a	189850.25	10
1484.0957031250	n/a	189964.25	10
1485.0332031250	n/a	190084.25	11
1486.1425781250	n/a	190226.25	10
1487.1113281250	n/a	190350.25	11
1488.1347656250	n/a	190481.25	10
1489.0820312500	n/a	190602.5	10
1490.1171875000	n/a	190735	10
1503.8125000000	n/a	192488	10
1504.9902343750	n/a	192638.75	10
1506.0097656250	n/a	192769.25	10
1506.9863281250	n/a	192894.25	10
1507.9843750000	n/a	193022	10
1509.1093750000	n/a	193166	10
1510.0117187500	n/a	193281.5	10
1511.0410156250	n/a	193413.25	10
1511.9960937500	n/a	193535.5	10
1513.1230468750	n/a	193679.75	10
1513.9765625000	n/a	193789	10
1515.0722656250	n/a	193929.25	10
1515.9921875000	n/a	194047	10
1517.8515625000	n/a	194285	10
1519.0117187500	n/a	194433.5	10
1519.9902343750	n/a	194558.75	10
1521.0117187500	n/a	194689.5	10
1522.0117187500	n/a	194817.5	11
1523.0175781250	n/a	194946.25	10
1524.0371093750	n/a	195076.75	10
1525.0078125000	n/a	195201	10
1526.0292968750	n/a	195331.75	10
1527.1679687500	n/a	195477.5	10
1528.9765625000	n/a	195709	11
1529.9941406250	n/a	195839.25	10
1530.9921875000	n/a	195967	10
1531.9902343750	n/a	196094.75	11
1533.0449218750	n/a	196229.75	10
1533.9765625000	n/a	196349	10
1535.0292968750	n/a	196483.75	10
1536.0136718750	n/a	196609.75	10
1537.0195312500	n/a	196738.5	10
1537.4121093750	n/a	196788.75	10
1537.9667968750	n/a	196859.75	11
1539.0312500000	n/a	196996	11
1539.9843750000	n/a	197118	10
1541.0019531250	n/a	197248.25	10
1542.0175781250	n/a	197378.25	10
1543.0722656250	n/a	197513.25	10
1544.0117187500	n/a	197633.5	10
1544.9980468750	n/a	197759.75	10
1546.0136718750	n/a	197889.75	10
1547.0078125000	n/a	198017	10
1547.7324218750	n/a	198109.75	10
1548.9824218750	n/a	198269.75	10
1550.0253906250	n/a	198403.25	10
1550.9863281250	n/a	198526.25	10
1552.1699218750	n/a	198677.75	10
1552.9863281250	n/a	198782.25	10
1554.0058593750	n/a	198912.75	10
1555.0664062500	n/a	199048.5	10
1556.0117187500	n/a	199169.5	10
1556.9785156250	n/a	199293.25	10
1557.9687500000	n/a	199420	10
1558.9687500000	n/a	199548	10
1559.9550781250	n/a	199674.25	10
1561.1855468750	n/a	199831.75	10
1561.9101562500	n/a	199924.5	10
1562.8457031250	n/a	200044.25	10
1563.9902343750	n/a	200190.75	10
1564.9589843750	n/a	200314.75	11
1566.0117187500	n/a	200449.5	10
1567.0449218750	n/a	200581.75	10
1567.9179687500	n/a	200693.5	10
1569.0058593750	n/a	200832.75	10
1570.9960937500	n/a	201087.5	10
1571.9199218750	n/a	201205.75	10
1572.9511718750	n/a	201337.75	10
1574.0566406250	n/a	201479.25	11
1575.0625000000	n/a	201608	10
1576.0175781250	n/a	201730.25	10
1577.0234375000	n/a	201859	10
1577.9257812500	n/a	201974.5	10
1579.0175781250	n/a	202114.25	10
1580.0253906250	n/a	202243.25	10
1580.4648437500	n/a	202299.5	10
1581.0175781250	n/a	202370.25	10
1582.0683593750	n/a	202504.75	10
1583.0761718750	n/a	202633.75	10
1583.9882812500	n/a	202750.5	10
1585.1054687500	n/a	202893.5	10
1586.0156250000	n/a	203010	10
1587.0683593750	n/a	203144.75	10
1587.9765625000	n/a	203261	10
1588.9609375000	n/a	203387	10
1590.3808593750	n/a	203568.75	10
1591.0644531250	n/a	203656.25	10
1591.9980468750	n/a	203775.75	10
1592.9785156250	n/a	203901.25	10
1593.9941406250	n/a	204031.25	10
1595.0214843750	n/a	204162.75	10
1595.9804687500	n/a	204285.5	10
1597.0605468750	n/a	204423.75	10
1598.0507812500	n/a	204550.5	10
1599.0917968750	n/a	204683.75	10
1599.8164062500	n/a	204776.5	10
1601.0332031250	n/a	204932.25	10
1601.9609375000	n/a	205051	10
1603.0917968750	n/a	205195.75	10
1604.0019531250	n/a	205312.25	10
1605.0136718750	n/a	205441.75	10
1606.0292968750	n/a	205571.75	10
1607.0234375000	n/a	205699	10
1607.9667968750	n/a	205819.75	10
1609.0605468750	n/a	205959.75	10
1609.4726562500	n/a	206012.5	10
1610.0175781250	n/a	206082.25	10
1611.9765625000	n/a	206333	10
1612.9687500000	n/a	206460	10
1614.0898437500	n/a	206603.5	10
1614.9824218750	n/a	206717.75	10
1616.0019531250	n/a	206848.25	10
1616.9453125000	n/a	206969	11
1618.0273437500	n/a	207107.5	10
1619.0351562500	n/a	207236.5	10
1620.0742187500	n/a	207369.5	11
1621.0605468750	n/a	207495.75	10
1622.0156250000	n/a	207618	10
1623.9824218750	n/a	207869.75	10
1625.0175781250	n/a	208002.25	10
1626.0078125000	n/a	208129	10
1627.0527343750	n/a	208262.75	10
1628.0117187500	n/a	208385.5	10
1628.9960937500	n/a	208511.5	10
1629.9980468750	n/a	208639.75	10
1631.0214843750	n/a	208770.75	10
1632.1171875000	n/a	208911	10
1633.0839843750	n/a	209034.75	11
1634.0292968750	n/a	209155.75	10
1635.1601562500	n/a	209300.5	11
1636.0410156250	n/a	209413.25	10
1636.9687500000	n/a	209532	10
1637.9824218750	n/a	209661.75	10
1639.0781250000	n/a	209802	11
1639.9960937500	n/a	209919.5	10
1641.3828125000	n/a	210097	10
1642.0175781250	n/a	210178.25	10
1643.0800781250	n/a	210314.25	11
1643.9804687500	n/a	210429.5	10
1645.0273437500	n/a	210563.5	10
1646.0761718750	n/a	210697.75	10
1647.0078125000	n/a	210817	10
1648.0332031250	n/a	210948.25	10
1649.0117187500	n/a	211073.5	10
1650.0585937500	n/a	211207.5	10
1651.0332031250	n/a	211332.25	11
1652.0253906250	n/a	211459.25	10
1652.9804687500	n/a	211581.5	10
1653.9882812500	n/a	211710.5	10
1654.4628906250	n/a	211771.25	10
1655.0410156250	n/a	211845.25	10
1655.9902343750	n/a	211966.75	10
1656.9980468750	n/a	212095.75	10
1658.0058593750	n/a	212224.75	10
1659.0546875000	n/a	212359	10
1660.0996093750	n/a	212492.75	11
1661.0371093750	n/a	212612.75	10
1662.1250000000	n/a	212752	10
1663.0683593750	n/a	212872.75	10
1664.0937500000	n/a	213004	10
1664.9863281250	n/a	213118.25	10
1665.9667968750	n/a	213243.75	11
1667.0585937500	n/a	213383.5	10
1667.4960937500	n/a	213439.5	10
1667.9648437500	n/a	213499.5	10
1669.0039062500	n/a	213632.5	11
1670.1191406250	n/a	213775.25	10
1671.0156250000	n/a	213890	10
1672.0039062500	n/a	214016.5	10
1673.3300781250	n/a	214186.25	10
1675.1855468750	n/a	214423.75	11
1675.9648437500	n/a	214523.5	10
1677.0078125000	n/a	214657	10
1677.9980468750	n/a	214783.75	10
1679.0195312500	n/a	214914.5	10
1679.9062500000	n/a	215028	10
1681.0078125000	n/a	215169	11
1682.0253906250	n/a	215299.25	10
1683.0625000000	n/a	215432	10
1684.0097656250	n/a	215553.25	10
1684.9921875000	n/a	215679	10
1686.0156250000	n/a	215810	11
1687.0625000000	n/a	215944	10
1687.5390625000	n/a	216005	10
1688.0136718750	n/a	216065.75	10
1689.0898437500	n/a	216203.5	10
1690.0449218750	n/a	216325.75	11
1691.0234375000	n/a	216451	11
1692.5605468750	n/a	216647.75	10
1694.0175781250	n/a	216834.25	10
1695.0546875000	n/a	216967	10
1695.9335937500	n/a	217079.5	10
1697.0136718750	n/a	217217.75	10
1697.9648437500	n/a	217339.5	10
1698.5429687500	n/a	217413.5	10
1699.0039062500	n/a	217472.5	10
1699.9550781250	n/a	217594.25	10
1700.9589843750	n/a	217722.75	10
1701.9980468750	n/a	217855.75	10
1727.6796875000	n/a	221143	11
1728.6972656250	n/a	221273.25	10
1729.6757812500	n/a	221398.5	10
1730.5019531250	n/a	221504.25	10
1731.6855468750	n/a	221655.75	10
1732.7285156250	n/a	221789.25	10
1733.6972656250	n/a	221913.25	10
1734.7382812500	n/a	222046.5	10
1735.6835937500	n/a	222167.5	10
1736.6933593750	n/a	222296.75	10
1737.6953125000	n/a	222425	10
1738.2421875000	n/a	222495	10
1738.6992187500	n/a	222553.5	10
1739.7402343750	n/a	222686.75	10
1740.7265625000	n/a	222813	10
1741.7050781250	n/a	222938.25	10
1742.7148437500	n/a	223067.5	10
1743.6855468750	n/a	223191.75	11
1744.7089843750	n/a	223322.75	10
1746.7832031250	n/a	223588.25	10
1747.6992187500	n/a	223705.5	10
1748.7421875000	n/a	223839	10
1749.7968750000	n/a	223974	10
1750.7343750000	n/a	224094	10
1751.7988281250	n/a	224230.25	10
1752.6875000000	n/a	224344	10
1753.6894531250	n/a	224472.25	10
1754.5761718750	n/a	224585.75	10
1755.6777343750	n/a	224726.75	10
1756.7011718750	n/a	224857.75	10
1757.7089843750	n/a	224986.75	10
1758.4609375000	n/a	225083	10
1759.6738281250	n/a	225238.25	11
1760.7558593750	n/a	225376.75	10
1761.7011718750	n/a	225497.75	10
1763.7187500000	n/a	225756	10
1764.7500000000	n/a	225888	10
1765.7128906250	n/a	226011.25	10
1766.7226562500	n/a	226140.5	10
1767.7109375000	n/a	226267	11
1768.7109375000	n/a	226395	10
1769.7343750000	n/a	226526	10
1771.6972656250	n/a	226777.25	10
1772.7460937500	n/a	226911.5	10
1773.7285156250	n/a	227037.25	10
1774.6835937500	n/a	227159.5	10
1775.7363281250	n/a	227294.25	11
1776.6992187500	n/a	227417.5	10
1777.7851562500	n/a	227556.5	10
1778.7734375000	n/a	227683	10
1779.7519531250	n/a	227808.25	10
1780.6933593750	n/a	227928.75	10
1781.6738281250	n/a	228054.25	10
1782.7207031250	n/a	228188.25	10
1783.7343750000	n/a	228318	10
1784.6191406250	n/a	228431.25	10
1785.7070312500	n/a	228570.5	10
1786.7031250000	n/a	228698	10
1787.6992187500	n/a	228825.5	10
1788.6953125000	n/a	228953	10
1789.8417968750	n/a	229099.75	10
1790.7500000000	n/a	229216	10
1791.7148437500	n/a	229339.5	10
1792.5761718750	n/a	229449.75	10
1793.7167968750	n/a	229595.75	10
1794.7890625000	n/a	229733	10
1795.7441406250	n/a	229855.25	10
1796.8183593750	n/a	229992.75	10
1797.2460937500	n/a	230047.5	10
1797.6972656250	n/a	230105.25	10
1798.2695312500	n/a	230178.5	10
1798.6777343750	n/a	230230.75	10
1799.6914062500	n/a	230360.5	10
1800.7656250000	n/a	230498	10
1801.7949218750	n/a	230629.75	10
1802.6289062500	n/a	230736.5	10
1803.7617187500	n/a	230881.5	10
1804.7148437500	n/a	231003.5	11
1805.8652343750	n/a	231150.75	10
1806.7167968750	n/a	231259.75	10
1807.6953125000	n/a	231385	10
1808.6757812500	n/a	231510.5	11
1809.6953125000	n/a	231641	10
1810.6738281250	n/a	231766.25	10
1811.7207031250	n/a	231900.25	10
1812.5761718750	n/a	232009.75	10
1813.7343750000	n/a	232158	10
1814.8320312500	n/a	232298.5	10
1815.6777343750	n/a	232406.75	10
1817.7578125000	n/a	232673	10
1818.7285156250	n/a	232797.25	10
1819.7207031250	n/a	232924.25	10
1820.4609375000	n/a	233019	10
1821.7167968750	n/a	233179.75	11
1822.7578125000	n/a	233313	10
1823.6972656250	n/a	233433.25	10
1824.7285156250	n/a	233565.25	11
1825.7460937500	n/a	233695.5	10
1826.7460937500	n/a	233823.5	11
1827.7207031250	n/a	233948.25	10
1828.6914062500	n/a	234072.5	10
1829.7558593750	n/a	234208.75	10
1830.6738281250	n/a	234326.25	10
1831.7714843750	n/a	234466.75	10
1832.6894531250	n/a	234584.25	10
1833.7031250000	n/a	234714	10
1834.6972656250	n/a	234841.25	10
1835.6875000000	n/a	234968	10
1836.6953125000	n/a	235097	10
1837.7871093750	n/a	235236.75	10
1838.6933593750	n/a	235352.75	10
1839.7324218750	n/a	235485.75	10
1840.7070312500	n/a	235610.5	10
1841.7050781250	n/a	235738.25	10
1842.7304687500	n/a	235869.5	10
1843.6992187500	n/a	235993.5	10
1844.7070312500	n/a	236122.5	10
1845.7929687500	n/a	236261.5	10
1846.7382812500	n/a	236382.5	10
1847.7304687500	n/a	236509.5	11
1848.7382812500	n/a	236638.5	10
1849.6972656250	n/a	236761.25	10
1850.6328125000	n/a	236881	10
1851.7285156250	n/a	237021.25	10
1852.8046875000	n/a	237159	10
1853.6054687500	n/a	237261.5	10
1854.7109375000	n/a	237403	10
1855.7695312500	n/a	237538.5	10
1856.6562500000	n/a	237652	11
1857.7421875000	n/a	237791	10
1858.7226562500	n/a	237916.5	10
1859.7832031250	n/a	238052.25	10
1860.6894531250	n/a	238168.25	10
1861.6210937500	n/a	238287.5	10
1862.6796875000	n/a	238423	10
1863.6992187500	n/a	238553.5	10
1864.6894531250	n/a	238680.25	10
1865.0957031250	n/a	238732.25	10
1865.6894531250	n/a	238808.25	10
1866.7421875000	n/a	238943	10
1867.6933593750	n/a	239064.75	10
1868.6953125000	n/a	239193	10
1869.6660156250	n/a	239317.25	10
1870.7382812500	n/a	239454.5	10
1872.7343750000	n/a	239710	10
1873.7187500000	n/a	239836	10
1874.5468750000	n/a	239942	10
1876.7265625000	n/a	240221	10
1877.7617187500	n/a	240353.5	10
1878.7714843750	n/a	240482.75	10
1879.7519531250	n/a	240608.25	10
1880.6757812500	n/a	240726.5	10
1881.7421875000	n/a	240863	10
1882.8144531250	n/a	241000.25	10
1883.7382812500	n/a	241118.5	10
1884.7050781250	n/a	241242.25	10
1885.7050781250	n/a	241370.25	11
1886.7597656250	n/a	241505.25	10
1887.7207031250	n/a	241628.25	10
1888.7500000000	n/a	241760	10
1889.6152343750	n/a	241870.75	10
1890.7949218750	n/a	242021.75	10
1891.7050781250	n/a	242138.25	10
1892.5996093750	n/a	242252.75	10
1893.6738281250	n/a	242390.25	10
1894.2167968750	n/a	242459.75	10
1894.7460937500	n/a	242527.5	10
1895.6894531250	n/a	242648.25	10
1896.6816406250	n/a	242775.25	11
1897.6816406250	n/a	242903.25	10
1898.6914062500	n/a	243032.5	10
1899.7285156250	n/a	243165.25	11
1900.6992187500	n/a	243289.5	10
1901.6953125000	n/a	243417	10
1902.7832031250	n/a	243556.25	11
1903.7402343750	n/a	243678.75	10
1904.6718750000	n/a	243798	10
1905.6992187500	n/a	243929.5	10
1906.7539062500	n/a	244064.5	10
1907.6914062500	n/a	244184.5	10
1908.6875000000	n/a	244312	10
1909.6972656250	n/a	244441.25	10
1910.6367187500	n/a	244561.5	10
1911.7265625000	n/a	244701	10
1912.7617187500	n/a	244833.5	10
1913.7714843750	n/a	244962.75	10
1914.7558593750	n/a	245088.75	10
1915.6132812500	n/a	245198.5	10
1916.6835937500	n/a	245335.5	10
1917.6640625000	n/a	245461	10
1918.6914062500	n/a	245592.5	10
1919.7187500000	n/a	245724	10
1920.4980468750	n/a	245823.75	11
1921.7304687500	n/a	245981.5	10
1922.7910156250	n/a	246117.25	11
1923.7441406250	n/a	246239.25	10
1924.7031250000	n/a	246362	10
1925.7695312500	n/a	246498.5	10
1944.2070312500	n/a	248858.5	10
1944.2441406250	n/a	248863.25	10
1945.2167968750	n/a	248987.75	10
1946.2343750000	n/a	249118	10
1947.2968750000	n/a	249254	10
1948.3027343750	n/a	249382.75	10
1949.0839843750	n/a	249482.75	10
1950.2460937500	n/a	249631.5	10
1951.3046875000	n/a	249767	10
1952.2578125000	n/a	249889	10
1953.2285156250	n/a	250013.25	10
1954.2597656250	n/a	250145.25	10
1955.1542968750	n/a	250259.75	10
1956.2363281250	n/a	250398.25	10
1957.1933593750	n/a	250520.75	10
1958.2402343750	n/a	250654.75	10
1959.2812500000	n/a	250788	10
1960.3046875000	n/a	250919	10
1961.2167968750	n/a	251035.75	11
1962.3105468750	n/a	251175.75	10
1963.2734375000	n/a	251299	10
1964.2363281250	n/a	251422.25	10
1966.2402343750	n/a	251678.75	10
1967.1699218750	n/a	251797.75	10
1967.8496093750	n/a	251884.75	10
1968.2792968750	n/a	251939.75	10
1969.1718750000	n/a	252054	10
1970.2246093750	n/a	252188.75	10
1971.0019531250	n/a	252288.25	10
1972.2851562500	n/a	252452.5	10
1973.2207031250	n/a	252572.25	10
1974.2187500000	n/a	252700	10
1975.1152343750	n/a	252814.75	10
1976.2285156250	n/a	252957.25	10
1977.1894531250	n/a	253080.25	10
1978.2480468750	n/a	253215.75	11
1979.3027343750	n/a	253350.75	10
1980.6308593750	n/a	253520.75	10
1981.3203125000	n/a	253609	10
1982.2050781250	n/a	253722.25	10
1982.6777343750	n/a	253782.75	10
1983.2636718750	n/a	253857.75	10
1984.2441406250	n/a	253983.25	10
1985.2167968750	n/a	254107.75	10
1986.1582031250	n/a	254228.25	10
1987.3339843750	n/a	254378.75	10
1988.2949218750	n/a	254501.75	10
1989.2734375000	n/a	254627	10
1990.2402343750	n/a	254750.75	10
1991.3222656250	n/a	254889.25	10
1992.2050781250	n/a	255002.25	10
1993.2324218750	n/a	255133.75	10
1994.2363281250	n/a	255262.25	10
1995.2890625000	n/a	255397	10
1996.2324218750	n/a	255517.75	10
1997.2500000000	n/a	255648	10
1998.1953125000	n/a	255769	10
1999.3281250000	n/a	255914	10
2001.2246093750	n/a	256156.75	10
2002.2812500000	n/a	256292	10
2003.2832031250	n/a	256420.25	10
2004.1523437500	n/a	256531.5	10
2005.2089843750	n/a	256666.75	10
2006.2929687500	n/a	256805.5	10
2007.1835937500	n/a	256919.5	10
2008.2460937500	n/a	257055.5	10
2009.2578125000	n/a	257185	10
2010.1718750000	n/a	257302	10
2011.2792968750	n/a	257443.75	10
2012.2734375000	n/a	257571	10
2013.2207031250	n/a	257692.25	10
2013.6269531250	n/a	257744.25	10
2014.1953125000	n/a	257817	11
2015.2617187500	n/a	257953.5	10
2016.2128906250	n/a	258075.25	10
2016.7578125000	n/a	258145	10
2017.2578125000	n/a	258209	11
2018.2109375000	n/a	258331	10
2019.2871093750	n/a	258468.75	10
2020.1972656250	n/a	258585.25	10
2021.3222656250	n/a	258729.25	10
2022.1484375000	n/a	258835	10
2023.2871093750	n/a	258980.75	10
2024.3183593750	n/a	259112.75	10
2027.2246093750	n/a	259484.75	10
2028.2011718750	n/a	259609.75	10
2029.2304687500	n/a	259741.5	10
2030.2832031250	n/a	259876.25	10
2031.3496093750	n/a	260012.75	10
2032.2070312500	n/a	260122.5	11
2033.2304687500	n/a	260253.5	10
2034.2480468750	n/a	260383.75	10
2035.2617187500	n/a	260513.5	10
2036.2402343750	n/a	260638.75	10
2037.2695312500	n/a	260770.5	10
2038.2285156250	n/a	260893.25	10
2039.2988281250	n/a	261030.25	10
2040.1914062500	n/a	261144.5	10
2041.1796875000	n/a	261271	11
2042.5351562500	n/a	261444.5	10
2043.2812500000	n/a	261540	10
2044.2578125000	n/a	261665	10
2045.2988281250	n/a	261798.25	11
2046.2812500000	n/a	261924	10
2047.2929687500	n/a	262053.5	10
2048.2070312500	n/a	262170.5	10
2049.2851562500	n/a	262308.5	10
2050.3593750000	n/a	262446	10
2051.0351562500	n/a	262532.5	10
2052.2148437500	n/a	262683.5	11
2053.4003906250	n/a	262835.25	10
2054.2460937500	n/a	262943.5	10
2054.8652343750	n/a	263022.75	10
2055.2753906250	n/a	263075.25	10
2056.2265625000	n/a	263197	10
2057.2558593750	n/a	263328.75	10
2058.1406250000	n/a	263442	11
2059.2500000000	n/a	263584	10
2060.1777343750	n/a	263702.75	10
2061.2226562500	n/a	263836.5	10
2063.4472656250	n/a	264121.25	10
2064.4472656250	n/a	264249.25	10
2065.2109375000	n/a	264347	10
2066.2148437500	n/a	264475.5	10
2067.2792968750	n/a	264611.75	10
2068.2851562500	n/a	264740.5	10
2068.7304687500	n/a	264797.5	10
2069.2246093750	n/a	264860.75	10
2070.2050781250	n/a	264986.25	10
2071.2675781250	n/a	265122.25	10
2072.2246093750	n/a	265244.75	10
2073.2265625000	n/a	265373	10
2074.2187500000	n/a	265500	11
2075.3066406250	n/a	265639.25	10
2076.3398437500	n/a	265771.5	10
2077.1953125000	n/a	265881	11
2078.2207031250	n/a	266012.25	10
2079.2792968750	n/a	266147.75	10
2080.2167968750	n/a	266267.75	10
2081.1328125000	n/a	266385	10
2082.1914062500	n/a	266520.5	11
2083.2187500000	n/a	266652	10
2084.2851562500	n/a	266788.5	10
2085.1367187500	n/a	266897.5	10
2086.2167968750	n/a	267035.75	10
2088.2031250000	n/a	267290	10
2089.0078125000	n/a	267393	10
2090.2402343750	n/a	267550.75	10
2091.1796875000	n/a	267671	10
2092.2832031250	n/a	267812.25	10
2093.2343750000	n/a	267934	11
2094.2714843750	n/a	268066.75	10
2095.7207031250	n/a	268252.25	10
2096.2363281250	n/a	268318.25	10
2097.3261718750	n/a	268457.75	10
2098.3535156250	n/a	268589.25	10
2099.3632812500	n/a	268718.5	10
2100.4511718750	n/a	268857.75	10
2101.3652343750	n/a	268974.75	10
2102.2968750000	n/a	269094	11
2103.3183593750	n/a	269224.75	10
2103.7851562500	n/a	269284.5	10
2104.2773437500	n/a	269347.5	11
2105.2031250000	n/a	269466	10
2106.2109375000	n/a	269595	10
2107.1992187500	n/a	269721.5	10
2108.3066406250	n/a	269863.25	10
2109.1738281250	n/a	269974.25	10
2110.2636718750	n/a	270113.75	10
2112.2539062500	n/a	270368.5	10
2113.2929687500	n/a	270501.5	10
2114.2695312500	n/a	270626.5	10
2115.2207031250	n/a	270748.25	10
2116.2539062500	n/a	270880.5	10
2117.4042968750	n/a	271027.75	10
2118.4882812500	n/a	271166.5	10
2119.2578125000	n/a	271265	11
2120.2363281250	n/a	271390.25	10
2121.2128906250	n/a	271515.25	10
2123.2480468750	n/a	271775.75	10
2125.3300781250	n/a	272042.25	10
2126.4121093750	n/a	272180.75	10
2128.2343750000	n/a	272414	10
2129.1894531250	n/a	272536.25	10
2130.2050781250	n/a	272666.25	10
2131.3105468750	n/a	272807.75	11
2132.2539062500	n/a	272928.5	10
2134.1914062500	n/a	273176.5	10
2135.2304687500	n/a	273309.5	10
2136.1953125000	n/a	273433	10
2137.1914062500	n/a	273560.5	10
2138.5664062500	n/a	273736.5	10
2139.9003906250	n/a	273907.25	10
2141.2324218750	n/a	274077.75	10
2142.2578125000	n/a	274209	10
